order	patch_no	decision	category	sha256	filename	reason
1	1	skip	build/packaging	07e352b41d3b63bfd7c3573d29fbfc938d97660e057468b7724a1590af5435d8	php-5.3.3-gnusrc.patch	build/packaging glue, not a source security/bug backport
2	2	skip	build/packaging	5fd4d07ee66d7ae422722ef291106424135864e5338af47296e5820788e9ebc9	php-5.3.0-install.patch	build/packaging glue, not a source security/bug backport
3	3	skip	build/packaging	71223a9eb6dc66a10ac1afa56e8dc7017e21125c0960da9b59efc5097d51618f	php-5.2.4-norpath.patch	build/packaging glue, not a source security/bug backport
4	4	skip	build/packaging	1adffb6c6770b36a8960c60c2b18888b03e47204e260707c2d00841d84d1d8fa	php-5.3.0-phpize64.patch	build/packaging glue, not a source security/bug backport
5	5	skip	build/packaging	93b002c43b9b497b259c044dc97f79d4340fed2aed3f7dfd8d0d5d9bc14893cb	php-5.2.0-includedir.patch	build/packaging glue, not a source security/bug backport
6	6	skip	build/packaging	3144130caad2d66daba8c1d5db77ceb9045a390639fadb2b4b0cbfbfc18f183b	php-5.2.4-embed.patch	build/packaging glue, not a source security/bug backport
7	7	skip	build/packaging	9d974b64d7a5bbefc200b84bbca1f86986c97904932e53c6cd5ce499f55c5526	php-5.3.0-recode.patch	build/packaging glue, not a source security/bug backport
8	8	skip	build/packaging	afe7e4b20998eae5412688ece2ee169d235e828710f744b2f0b1243b20b2347a	php-5.3.12-aconf26x.patch	build/packaging glue, not a source security/bug backport
9	9	skip	build/packaging	69f5cd0e2271b03c9829021ab04469ae1ddfed6a6dd1fc77689faaf516ef1595	0001-Update-libxml-include-file-references.patch	build/packaging glue, not a source security/bug backport
10	11	skip	build/packaging	241cc68ef782573924ed1ca7803f5ddbe697e45c24bebedf80f4d096e4004117	0002-libxml2.15-compatibility.patch	build/packaging glue, not a source security/bug backport
11	20	skip	build/packaging	7c89314522b4310243a09d4b1741a379bc4c2964acd99f16cc76238e1ff9660a	php-4.3.11-shutdown.patch	build/packaging glue, not a source security/bug backport
12	40	skip	build/packaging	d310c622a73d225974f745a94ac536c12dd67c27fc38b3f4e44a845b7c97863a	php-5.0.4-dlopen.patch	build/packaging glue, not a source security/bug backport
13	41	skip	build/packaging	183f33be9b43e81b7aefc72619a952549980056fb48d51bdc4450c54c97e7b45	php-5.3.0-easter.patch	build/packaging glue, not a source security/bug backport
14	43	skip	build/packaging	2f7cf476bbb25ca847189c1a090e8806ee25e375f8c11f9acbad55a0089d25e4	php-5.3.29-core4zend_mm_panic.patch	build/packaging glue, not a source security/bug backport
15	61	skip	build/packaging	880c914233065ce99bbe0a8b77d0c8fc47c92b42d2718de6dc135acc8b92cb9f	php-5.0.4-tests-wddx.patch	build/packaging glue, not a source security/bug backport
16	100	skip	build/packaging	5cd12a93a0477b184d34db9bca1ff2533cfbc7b9ab8e64987a9ea0439cdca869	php-5.4.x-fpm-user-ini-docroot.patch	build/packaging glue, not a source security/bug backport
17	101	skip	vendor/sapi	b29a36b558d2d27c1494091afaae0e9c85429881e739a84290f7fdb815e58e40	php-5.4.x-fpm-jailshell.patch	CloudLinux/LiteSpeed/EA4 runtime- or SAPI-specific
18	102	skip	vendor/sapi	a9eb55eb8be1b8760798c5b2c8c7a5263dbe7065b47ad0dc589008def7e0b033	cloudlinux-php-fpm.5.3.dl.ea-php.v3.patch	CloudLinux/LiteSpeed/EA4 runtime- or SAPI-specific
19	103	skip	build/packaging	9384d494096b926c2dbd8ea6969bd25aeeb89822a27cd2e3a02e989e8a7e2889	php-fpm.epoll.patch	build/packaging glue, not a source security/bug backport
20	204	skip	build/packaging	b48a7e6e95cbd4e69097b5117c864680171dece08ed7ee1d6b3f25215351513a	php-8.2-fix-for-libxml2.13.patch	build/packaging glue, not a source security/bug backport
21	210	skip	vendor/sapi	9bda529c370864f63e813aeba752f107058ea41c9ee1b7e5a7a87537f96e3644	litespeed-8.0.1-process_lsapi_phpini.patch	CloudLinux/LiteSpeed/EA4 runtime- or SAPI-specific
22	211	skip	vendor/sapi	1f01c3b0f1e0c4e6c5eca3c62878abf153dca43a2a869015c265754479633f7d	litespeed-8.0.1-userini_homedir.patch	CloudLinux/LiteSpeed/EA4 runtime- or SAPI-specific
23	212	skip	vendor/sapi	d8604c92c40acdb680f717cfaa9135b882ffc00088651e6538490a3aa1f7c4a3	litespeed-8.0.1-log.patch	CloudLinux/LiteSpeed/EA4 runtime- or SAPI-specific
24	213	skip	vendor/sapi	2f4aa28896f2ff99c6de6436fa215e51f2e221e087a5a07561fca1c40c1ba881	litespeed-8.0.1.use_reject.patch	CloudLinux/LiteSpeed/EA4 runtime- or SAPI-specific
25	215	skip	vendor/sapi	86f98239b73b168f73d630734d37a5aaa1ae44b150eeed5fa7817c5007977aaf	litespeed-8.0.1.avoid_zombies.patch	CloudLinux/LiteSpeed/EA4 runtime- or SAPI-specific
26	216	skip	vendor/sapi	46b0215acc34a5637d4a478be5fcb2195c2dea794ef0422f03485ef9abcae629	litespeed-8.0.1.dis_keeplistener.patch	CloudLinux/LiteSpeed/EA4 runtime- or SAPI-specific
27	217	skip	vendor/sapi	420f72c10dc6dde98fed0088c912d34e7df92cfd2daac686249107da56ba9e10	litespeed-8.0.1-graceful_stop.patch	CloudLinux/LiteSpeed/EA4 runtime- or SAPI-specific
28	218	skip	vendor/sapi	847ad299b7c4375f785f27469a026d1bf49a1183af06784cb5ab4cf442ab320e	litespeed-8.0.1.crash_limit.patch	CloudLinux/LiteSpeed/EA4 runtime- or SAPI-specific
29	219	skip	vendor/sapi	fc6dbda1d4fdf7236778d5c3b9a6343e6ab810a47090e9688794ba9943aa10e0	litespeed-8.0.1-tsrmls.patch	CloudLinux/LiteSpeed/EA4 runtime- or SAPI-specific
30	220	skip	vendor/sapi	52cdc2e745a420cfa78c83ab482001371e9e8053d323169f65588f452b555136	litespeed-8.0.1.wink_fix.patch	CloudLinux/LiteSpeed/EA4 runtime- or SAPI-specific
31	221	skip	vendor/sapi	fa4419e11069a4c7f6fe391939d4288b50ba0994ced0c650b7d9d027d40c447a	litespeed-8.1-cloudlinux.patch	CloudLinux/LiteSpeed/EA4 runtime- or SAPI-specific
32	222	skip	vendor/sapi	a30f0094074c3605b9b204b2f6236c5c68c6a1511737c1a2b9be7bd8c5a8cfea	litespeed-8.0.1-move_override_ini.patch	CloudLinux/LiteSpeed/EA4 runtime- or SAPI-specific
33	223	skip	vendor/sapi	18c203d514bb5658088df99273b1a9a74923bdcaee04d3a01c72397407d5b344	litespeed-8.3-document_root_env.patch	CloudLinux/LiteSpeed/EA4 runtime- or SAPI-specific
34	601	skip	build/packaging	d77d261356f2f58bea993464f13469595011df6c03c13d26751d931e6e616dbf	php-5.3.x-mail-header.patch	build/packaging glue, not a source security/bug backport
35	604	skip	build/packaging	95399a18b1cbbbdb173e4b705b24a04df7517dcd74c968aab5064c776d15c679	php-5.3.29-test_exit_code.patch	build/packaging glue, not a source security/bug backport
36	606	skip	build/packaging	cb274227718be79024aefd7ab632daa89d6bbae517cb1736656d521dc72737d9	php-5.3.29-sybase_ct-libdir.patch	build/packaging glue, not a source security/bug backport
37	607	keep	bug	12635508b8cadccb984489f30762730d5e541a4a56eb6a08fbc4d29bdd71c543	php-5.3.29-bug64343.patch	
38	611	skip	build/packaging	4a3080906e6cc4eecda5200162176a02ea637d3a005023e66cda234c6b968980	php-5.x-disable-zts.patch	build/packaging glue, not a source security/bug backport
39	700	keep	CVE	f2f694d229a6e88e2e97fada2f59595fc2be5a7999cb88d65252bd739a39766a	php-5.3.29-CVE-2011-4718.patch	
40	743	keep	CVE	72dd60b61b51198957133bba52ed06fd28df93778ee7c98ea82965602a3ca5f8	php-5.3.29-CVE-2011-4885.patch	
41	701	keep	CVE	68f4109e6c0421f74995107e626351982fef0c7f5a31bedec273e3a1004b2602	php-5.3.29-CVE-2012-0830.patch	
42	702	keep	CVE	25afcc50f53fa370ed529881474916aba406e3b0286078ae1125acb9c6e7b115	php-5.3.29-CVE-2014-2270.patch	
43	703	keep	CVE	ce6deee9fadfb70ceee3bfa520770e307a487fc48a6747ba3d7675be08d906f3	php-5.3.29-CVE-2014-2497.patch	
44	704	keep	CVE	c04ff947f56132221915f4f983af4df61b6956a8ef056b6188a856b8fb5d5e26	php-5.3.29-CVE-2014-3587.patch	
45	705	keep	CVE	4010bdf048ef3bd0601ea155df70026daf4349396010af382b89ffa527794336	php-5.3.29-CVE-2014-3597.patch	
46	706	keep	CVE	ca9ef66faed95bf11d74cfb0fc9c4f50e72375601d2637960bd214817e89cc37	php-5.3.29-CVE-2014-3668.patch	
47	707	keep	CVE	c9064ce409a68d0b406539445f573191e265eea205d49bdc2d2f9480486f10f8	php-5.3.29-CVE-2014-3669.patch	
48	708	keep	CVE	3d4e1d905efcbb584009bb3c86dbe9379393784917d46ba89bdb9f44292afaee	php-5.3.29-CVE-2014-3670.patch	
49	709	keep	CVE	0c89fdbc476b4a8e9008fc2097008865af4fed862b31f7fd9d809da11a2f3794	php-5.3.29-CVE-2014-3710.patch	
50	710	keep	CVE	70e87b048c869e7b02e3188ba1cea432b88b8483ea2458485741195dbdb0b012	php-5.3.29-CVE-2014-4670.patch	
51	711	keep	CVE	fa47ed6c11792617759a1416a1789f84299b7ee5b463bbd46828f966d96be3e6	php-5.3.29-CVE-2014-4698.patch	
52	712	keep	CVE	e5b126e6e81c4fdb40674e164ac53dc994c3bf78559e522801e8a8cfeb889ed1	php-5.3.29-CVE-2014-8142_CVE-2015-0231.patch	
53	713	keep	CVE	d5255e969665fcf56280fab1944e15ea885e474f45b58b02c54879c0e46245f3	php-5.3.29-CVE-2014-9425.patch	
54	714	keep	CVE	ec03554e5b906d645924b776c80d4152f235c1624fa031dbbb3ba3d7d92d2fe1	php-5.3.29-CVE-2014-9705.patch	
55	715	keep	CVE	4dad02e85e8abe865a16ce20927e291c23eec9b0fcd533be88ad8fda3c154f44	php-5.3.29-CVE-2014-9709.patch	
56	716	keep	CVE	607a73ce2a0ab409b3f55a5af7ac6aee5f41e4ce2e4a8ea98219a535774fb4c0	php-5.3.29-CVE-2015-0232.patch	
57	717	keep	CVE	d64b1e566160b4d8f244541dc1df1104a1ab9375f05e44df50bb37bc83c98c1e	php-5.3.29-CVE-2015-0235.patch	
58	718	keep	CVE	551ecfa2090f933c3d762f9e7d6a87fcf0dcac1073aa59da8521f44b3b9559fc	php-5.3.29-CVE-2015-0273.patch	
59	720	keep	CVE	8f80bd9d625b7d0f380e59991eea9989a8fc43a91319a1810fa22b40194087f0	php-5.3.29-CVE-2015-2301.patch	
60	721	keep	CVE	d6ace06cbbb210eb4efc2991707dee2a98614f89c0e927f89818d758125e9a8a	php-5.3.29-CVE-2015-2331.patch	
61	722	keep	CVE	e3bdbbc78f7be2aad00ba1e8ca7d49fb5c65c45d6e4e6700c0e51b7f4e54c0cc	php-5.3.29-CVE-2015-2787.patch	
62	723	keep	CVE	3c8710dae45e251ba19ff8103374f2418d13897cd2acb76616062bfd7cd243f0	php-5.3.29-CVE-2015-4025.patch	
63	724	keep	CVE	b1c520feb09aa4f1648077c71a1322f1c16830f712e68c1be4a0d312550bcb92	php-5.3.29-CVE-2015-4026.patch	
64	725	keep	CVE	da0fb77419b74ec8dedb25b8162494c9a47e436debadf2d20bce16231f7d4881	php-5.3.29-CVE-2015-2326.patch	
65	726	keep	CVE	05896d4c40aa3ec73f4f7b016e42993915bf60689350214853f709ceb48f370c	php-5.3.29-CVE-2014-9653.patch	
66	727	keep	CVE	acd125192e0828c71c2d8b7796a76d968eca269ce2a437489a1061c844999e2c	php-5.3.29-CVE-2015-2348.patch	
67	728	keep	CVE	62a64d407cd725e348aefa7d97871f307df3a2d38e969beb757aa3f6787b11a2	php-5.3.29-CVE-2014-9652.patch	
68	729	keep	CVE	3b88194737e6f0206abc8d15551282f4b54a388e6afa30b085a4be1fc8544cae	php-5.3.29-CVE-2015-2783.patch	
69	730	keep	CVE	b71c8f73d9d2908a77576e2d23f05b7dd9028f6b1e06484564979e35f294706f	php-5.3.29-CVE-2015-3329.patch	
70	731	keep	CVE	874aff6199a3173848a9ed73b19d707a89e00bc9ae7e4402f68d04da4e6f42d0	php-5.3.29-CVE-2015-3330.patch	
71	732	keep	CVE	0f4d483c097ca30b8dd7e51620e52bfe1b4b36d755cd77f067431af9e15d7072	php-5.3.29-CVE-2015-4021.patch	
72	733	keep	CVE	d7365a3298b29b1ebee9994bc66d4f1b9407d56c00b3ef5b8a200b675ab4435e	php-5.3.29-CVE-2015-4022.patch	
73	734	keep	CVE	12ad75de11b2f13740dd13d825db4ec9991ed848e3177fafafd96b3d939bd2f2	php-5.3.29-CVE-2015-4024.patch	
74	735	keep	CVE	f031f7253f6e071dde3d263f9afea9981384aeb0ab382d570e94286e71fd71b8	php-5.3.29-CVE-2015-4147-4148.patch	
75	737	keep	CVE	63bb8158613c9ff7e40c01fb9a5fe5984f5ceb51bf9aa0093f88d26b894f3ad7	php-5.3.29-CVE-2015-4599.patch	
76	738	keep	CVE	cf40a54ae9aa21308ba575da4aa7ec7cf1ad6866a711105678c468f09ce23170	php-5.3.29-CVE-2015-4602.patch	
77	739	keep	CVE	f4e0b31bf2ca24795e8ad89116057360cd0c001eb62967ae51154e991989e3e6	php-5.3.29-CVE-2015-4603.patch	
78	740	keep	CVE	6607cabff03f13a64fca23117a26ce7fe497243ea3095ee43f6edd548ccd3334	php-5.3.29-CVE-2015-3411-3412.patch	
79	741	keep	CVE	f75f45c5bbf86fc0beeb8cea9595886c5c52adf9cee557d5cfa16cd83513bc55	php-5.3.29-CVE-2015-3152.patch	
80	736	keep	CVE	9de448595bc41ea535a0a43c708a4aa6d82dce7fb8f60ec50138cd6f24f39704	php-5.3.29-CVE-2015-4598.patch	
81	742	skip	build/packaging	15bfe7607b45ffa929dc1d139f2fe3f56a9dba247add36cbfb5025a442d0d628	p_option.patch	build/packaging glue, not a source security/bug backport
82	744	keep	CVE	790ff0e8a36d24a91695d490773a26bb409aa2cfa68f8eadbf9c0319d846520f	php-5.3.29-CVE-2015-6831.patch	
83	745	keep	CVE	45b6646f3a9e340678d17806c79fa185eeeddaf8d4c2339db4aa7c622a5a9f6c	php-5.3.29-CVE-2015-6832.patch	
84	746	keep	CVE	ef61df6bf58c4685863f90249fd55382af0bc37f63d3f44aa1c7d4e1ae9aee3d	php-5.3.29-CVE-2015-6833.patch	
85	749	keep	CVE	d8229574dd6496c41f4ec7c2e75bdd538a9f1f3685aefad40a2f57c1220e88a2	php-5.3.29-CVE-2015-6836.patch	
86	750	keep	CVE	5af9d77e4ed31fa95d846631a749a8f72ccdca8983090ec94ece7064e41b7d48	php-5.3.29-CVE-2015-6837.patch	
87	751	keep	CVE	761845ce747e4cd86227b590e1ab44ccdb5c3cd3f15c29d89ecf96725ce05faa	php-5.3.29-CVE-2015-6838.patch	
88	752	keep	bug	3763b15defc97438e64b3d2088fa24990c50c620acb1c60294deceb734dddfd3	php-5.3.29-bug69720.patch	
89	753	keep	CVE	413a52ae5439049e472a2b2b0640ece61363a7ccc8774bf19dd1ee6b66c4b11c	php-5.3.29-CVE-2015-7804.patch	
90	754	keep	bug	a1b6e74c82363988e86ba2f7ca3dff3461ffc2023cd948978d324228eb0710c6	php-5.3.29-bug70728.patch	
91	755	keep	bug	ada2772132880dcf411566dec6f09e3ea014a304ecc552f9165bdcfc31c3e187	php-5.3.29-bug70661.patch	
92	756	keep	bug	7e7773ffef0df3517fef3722ac3bb33a6b7ea7167a6fcb352b27f6a011c69b2c	php-5.3.29-bug70741.patch	
93	757	keep	CVE	305c5215fbb6953a1209255a3b471be78820c337e81a6ad4756f4490bbc07153	php-5.3.29-CVE-2015-5590.patch	
94	758	keep	bug	7413869c27ec6a14101478eed23498732035e450dc6dee1980da732dfbb4ddef	php-5.3.29-bug71459.patch	
95	759	keep	bug	b77fe55391250c56cf5179f1c16ecb1e3281d85f0bbf0e258ce42541f63186ce	php-5.3.29-bug71039.patch	
96	760	keep	bug	2b5f1dbbb38d841aad09b554270f41b382b8b1b692f8728bdec9639753703fae	php-5.3.29-bug71354.patch	
97	761	keep	bug	38a9f95444b240f3d28c10c35b9fb086613629fafd458e8a7083ec5bd21fd072	php-5.3.29-bug71391.patch	
98	762	keep	CVE	96e0df28d29d4fcac8267b3b5fae03ea984e185bacf7169f5436441a576021af	php-5.3.29-CVE-2016-2554.patch	
99	763	keep	bug	457a43af760bc8f9faa95d203927f7c0be593805d7590b1ff50bdceb257db5a8	php-5.3.29-bug71323.patch	
100	764	keep	bug	262393fe6e4f15223f6cdf2b3fc504a9a18089abd3bf2c43f83913c88ee94839	php-5.3.29-bug71498.patch	
101	765	keep	bug	c6be33b8333274f18b8f1fdf44fd76d74dceea5b5ebee1ac167c485c47b8a6a0	php-5.3.29-bug71587.patch	
102	766	keep	bug	1c862b29961d44ff07ee9da509a1ca18403e589b9e9ea4e93804b9f71d8e7624	php-5.3.29-bug71860.patch	
103	767	keep	bug	4a3c9bf4697aab8c2531d3c3364f3add3c74d301566efacf1212c6da9bdf8ea2	php-5.3.29-bug71798.patch	
104	768	keep	CVE	bd9b190017beaa3939d2d5cd29e7af310540213e18c4390bc9895e9808cf3877	php-5.3.29-CVE-2016-4539.patch	
105	769	keep	CVE	da718b2021b93676f42b5b7797b15b1c52c0feea338f9cac86c2e1fa345101dc	php-5.3.29-CVE-2016-4541.patch	
106	770	keep	CVE	47013230a3b392716a5a07ccc7e4ada044bf6e5dd0ae583a876cf8c3ac465812	php-5.3.29-CVE-2016-4540.patch	
107	771	keep	CVE	eb5795870c125ce26a6df51007a4babe9cdd89d57f1446c1664b8303cc3bb112	php-5.3.29-CVE-2016-3074.patch	
108	772	keep	CVE	933d826c7ee1955333040c5118715bd4e5f11e3acfd2a039c9d5d76871793950	php-5.3.29-CVE-2016-4542-CVE-2016-4543-CVE-2016-4544.patch	
109	773	keep	CVE	54c6ed5566f00f0c6f78b365c0357e02bae73d56478e7c020796b083220b5abd	php-5.3.29-CVE-2016-4537-CVE-2016-4538.patch	
110	774	keep	CVE	81f4819f92a852cf68d8d1c4d37cba20039f3a975859d71a97cbfba664086728	php-5.3.29-CVE-2016-4343.patch	
111	775	keep	CVE	5230b277152c58c92329fe4cd3b86f81f5d1df088c130c5dd7a9ca3f74db4fc9	php-5.3.29-CVE-2016-5093.patch	
112	776	keep	CVE	89fb806cd6f1074d9a809ad0152ad87f022c88c1deef6e7383986502d13831fa	php-5.3.29-CVE-2016-5094.patch	
113	777	keep	CVE	30e8fcfd2aa2e6dfcb27dac8e520eeefbb2fa1eb1570cbdbe3b318fc5a2fe547	php-5.3.29-CVE-2016-5096.patch	
114	778	keep	bug	badae68121b6da615b5bdc7b6d01eab7fc70ae6dc6998c711d11b60ab4b57af1	php-5.3.29-bug65481.patch	
115	779	keep	CVE	c9daf936056c1d515496974718a1aa014369a346bbbb78402c21b1834507f8e0	php-5.3.29-CVE-2015-6835.patch	
116	780	keep	CVE	b9c841d3c26498f306e5e029a73813110e5c3bdbe31d21e9385d2024f8f19c2b	php-5.3.29-CVE-2016-5766.patch	
117	782	keep	CVE	0790e900deff56721e16bb796a7a79b1ecfb93ffe907d6a250e4cc9be0706440	php-5.3.29-CVE-2016-5772.patch	
118	784	keep	CVE	8e7b8cc83dc0e79622fe1af1c38bca045d9ac6e76411402dcdba057d685d1e68	php-5.3.29-CVE-2016-8874.patch	
119	785	keep	CVE	08ff7592106742ddf53c6aaea19ebe0f3bc5870de273181bf40174ab96d97d02	php-5.3.29-CVE-2016-5399.patch	
120	786	keep	CVE	eb161a042b25efc4f04603fe8b07652f623ed983cd69531e2b5992820c7309ae	php-5.3.29-CVE-2016-6288.patch	
121	787	keep	CVE	17d1fa241be6dd3f08045adfc2b6d4ce4c693fa50fc08ed12d99438f881582b6	php-5.3.29-CVE-2016-6289.patch	
122	788	keep	CVE	27091dbf2f98496dc0aed54f1cc871401242d8a1c715ee5ff2801f64bf99143d	php-5.3.29-CVE-2016-6290.patch	
123	789	keep	CVE	c683bec55e7f8526397d2e147ffc10a69f20039c9e32422fa2f01897691e4462	php-5.3.29-CVE-2016-6291.patch	
124	790	keep	CVE	ab114e57bd80c30c05043bd76a0b2d5e9172721e4d35835f8d714b4e6a494a57	php-5.3.29-CVE-2016-6294.patch	
125	791	keep	CVE	07c142ffbf6736bd530190ff99390b4269cd0f1f68b53b3f3beecd3382ccf54b	php-5.3.29-CVE-2015-8879.patch	
126	792	keep	CVE	3076973f2702c72307fd6918d46c08caa1e8dbf45e1104448e2af700ce20c56a	php-5.3.29-CVE-2016-6296.patch	
127	793	keep	CVE	162bec8d494563c75c06cbb1bd2769fc1701f07373feccdd5dc05c8dcacfbbbc	php-5.3.29-CVE-2016-6297.patch	
128	794	keep	bug	775b1ec83b40159e798c575c9a04feb5875a678659bb5f50edb13b8398d0133a	php-5.3.29-bug72837.patch	
129	795	keep	bug	9d09e21189f97430b97bdc7b11f4028880aa231f6c4ce4be3a6d47c3eb2fb44f	php-5.3.29-bug72681.patch	
130	796	keep	bug	611c2679e4f9859aa773dcb4d2db16f2f0c6a5e9897a802f991dc12809c3d59f	php-5.3.29-bug72807.patch	
131	797	keep	bug	7319b5c40681b5315cffe695836c2a0a75c0adf6c07d2479056fa5fb58ee82d3	php-5.3.29-bug72838.patch	
132	798	keep	bug	e736d73e3990c3b7789100efde13129e913821cc4845395d27e26dec3a96c0bd	php-5.3.29-bug72697.patch	
133	799	keep	bug	ae6cfa67e12eee81e1bccb17bf4caa79ceaad65dd9cfc63f9658a41ded619afc	php-5.3.29-bug72730.patch	
134	800	keep	bug	83734b9e9b83026ff410df507355021ea1e62e61d6c881211ec9959c870bdf93	php-5.3.29-bug72836.patch	
135	801	keep	bug	4f799b932e4196d5d23c5a3ce151ad14211f239a959a246098e95417bbf3bd2e	php-5.3.29-bug72848.patch	
136	802	keep	bug	ad3d7ad4f4bbde5a0c92560ea04c20a9463af968ff3557c3877c62794848f249	php-5.3.29-bug72849.patch	
137	803	keep	bug	d146bf3e1304ab1c1b79c1a54707fc24d9b8eea03e2a27da5fb2676d9ea42ebb	php-5.3.29-bug72850.patch	
138	804	keep	bug	d43953900b3a86bd91ad870c2c1f837cbb19242ed2ce293b8ec71f1fb18c851d	php-5.3.29-bug72771.patch	
139	805	keep	bug	b87e89bc5043a4acd5619e9f01ec2633885f78c35a86c44e3d5c54899ebea068	php-5.3.29-bug72749.patch	
140	806	keep	bug	e8842e22c2919a787a87c33e1516b3d5617f3e563f88e2318ebe8e549b90bb9c	php-5.3.29-bug72750.patch	
141	807	keep	bug	3ae44a6c09164148dda830f561b6f270d65f51ae75e8141a48ea0dc43933abe0	php-5.3.29-bug72790.patch	
142	808	keep	bug	7a1882ebb326792e0976cc2a1d744312f0d579b4193629ab61df16958f1e90ae	php-5.3.29-bug72799.patch	
143	809	keep	CVE	9c488a78841d4e7d6841270a1d0f561462e1a50a593c6d6d9c215973b3b88295	php-5.3.29-CVE-2016-7412.patch	
144	810	keep	CVE	48b7a302023a504ee7501f54a9280fbfccec6270049b54102f5820d514147520	php-5.3.29-CVE-2016-7413.patch	
145	811	keep	CVE	00444ff6a0d06b35ba47051ac2daf5854124b41a10b63e37ec082babfd7099e9	php-5.3.29-CVE-2016-7414.patch	
146	812	keep	CVE	84c4b489b487b92366350a28879bb85672a0b24fca6985a3e2323310a4a70af4	php-5.3.29-CVE-2016-7416.patch	
147	813	keep	CVE	af60e5cd2e92bacd4791db534b243c2c6f3cccdec137c55c51d23eeedc22acae	php-5.3.29-CVE-2016-7417.patch	
148	814	keep	CVE	3e88a4b501becb771e0e9e7381f8b348a8355a577129ad4f061b3de830f7f007	php-5.3.29-CVE-2016-7418.patch	
149	815	keep	bug	eccbc726eaecf591d352c27dc4e8f4a61544c3f7d3265d4ac3c1af713a52b113	php-5.3.29-bug73189.patch	
150	816	keep	bug	fa77178d4906721e295e8ba9227b578fd1a0a7dcbfbfacb6e17968b0c86f62cc	php-5.3.29-bug73150.patch	
151	817	keep	bug	c2893aa8e3c52bc7f6406ebc339e7e163769e17b06b5e8a386c6364dd27b52ca	php-5.3.29-bug73284.patch	
152	818	keep	bug	fc235b1c35cd8aa3faf100ef4248b5538cb8b0082b003e168eb437532d2bc71e	php-5.3.29-bug73218.patch	
153	819	keep	bug	9a445e41915ed908ff90ba1de684c8dfada49c5a9746bdb6dc2bba919f7f113e	php-5.3.29-bug73208.patch	
154	820	keep	bug	ce622c7b41bcd296aff98135d5e11b985813d766566cb8e1209e8231d51acd8e	php-5.3.29-bug73082.patch	
155	821	keep	bug	50c643335aff955e202bfe8d2d5ecfc789e95f68a0550b940b561164a6072be7	php-5.3.29-bug73174.patch	
156	822	keep	bug	1282e6c8ebf354965cec1d92b87e56809dc8a77e69124b13ffd50088aa6ae4e8	php-5.3.29-bug73276.patch	
157	823	keep	bug	1ca292bad0f28cd556017a2bd47c04972b27caae69f8d15ed95e2fdb5ebc1a76	php-5.3.29-bug73275.patch	
158	824	keep	bug	ff565d46039e61dba88cec8ec848d28f5704047226ef0a81dc8609df7ac3611a	php-5.3.29-bug73017.patch	
159	825	keep	bug	477c04d37ea7398da58023c69a5754628a1b34739eb795570791e7c51d7f4ab6	php-5.3.29-bug73240.patch	
160	826	keep	bug	95b51068a1cc779f3ef50b623df652f06962b57289aae9d4e0412fc5e167bb98	php-5.3.29-bug73073.patch	
161	827	keep	bug	ed01a3cc9b9d374aed3531c36b17b142b06149f33e60b59b368d1a9b00a2d13a	php-5.3.29-bug73293.patch	
162	828	keep	bug	68f931c175f842414182fc55e8916b527a236e855cd232f51a58af0e40406dc6	php-5.3.29-bug73356.patch	
163	829	keep	CVE	1fafdb894424626dda7e9577bad918e41569bfde3ce7c0a49187566a9c486f30	php-5.3.29-CVE-2016-8670.patch	
164	830	keep	bug	943a34937726283a24e5f65fdc126738f45ba77d632b463bd63e8b88d472970d	php-5.3.29-bug72482.patch	
165	831	keep	bug	96bf77b52bf0801cc464482513746245b8bfc7c8f3b815e21b233af1b6aa5fef	php-5.3.29-bug72696.patch	
166	832	keep	bug	019ebbb73e10d0d2b054a4e474e0607e330ed680e453218c3e60fc5ef5cebc88	php-5.3.29-bug73418.patch	
167	833	keep	bug	7bc8388906ac2cff2fbe1b9f9f705ed9d55bdbde1b59b0c255bf7407987d9c35	php-5.3.29-bug73144.patch	
168	834	keep	bug	651a49755362587c2ea5a695296e95f09d3c6c1ee194de53e0bb05d2f6ed393a	php-5.3.29-bug73192.patch	
169	835	keep	bug	4ba8d083f21cb47507c9264b267f4269b45bc15ed52650a6e57b026b77ff6b81	php-5.3.29-bug73331.patch	
170	836	keep	bug	ee7621284644fc495c258fa1ea4dbf49b788cba442f7e43d539286be6e2e31c6	php-5.3.29-bug73452.patch	
171	837	keep	bug	9fcce0a2212705ccfe61641206e448afd5a0da5f7554792a5497436a9ee821c8	php-5.3.29-bug73631.patch	
172	838	keep	bug	5dc003b3f2d7eb4132adaae4a0e7773b7b94bd4875d96c41ec1e9d4275803a0a	php-5.3.29-bug67587.patch	
173	839	keep	bug	32e5f37aeed11b13ba9b02fa97908f60636eb050e34fdcb3e0f84e7f0b5596cc	php-5.3.29-bug71465.patch	
174	840	keep	bug	576128e4f7f28b66a388f6ccf66d21fec8d5ec244d889f0c96c66d44f5ad3654	php-5.3.29-bug73737.patch	
175	841	keep	bug	e56706565e05453be31a025582d64cae08d6028a035a37ddbd9629a276cbaecf	php-5.3.29-bug73868.patch	
176	842	keep	bug	8c49620ca17f6c078caa39e7b967b7c53973f63669c525ccadb181f383277f83	php-5.3.29-bug73869.patch	
177	843	keep	bug	b013f62bc0a3cd18251efa07c953f782570bf48d10971e3cebc1659dbb1df6a2	php-5.3.29-bug68447.patch	
178	844	keep	CVE	b22b716d4b0cc4845ba0f092f57c3ee1a65bd666997a961dc79a8401b7d04b30	php-5.3.29-CVE-2016-10159.patch	
179	845	keep	CVE	5b81e1ca04b63bbf4932c5b1e59ae2e521326068c26728240ddfbc9a0c8576e3	php-5.3.29-CVE-2016-10160.patch	
180	846	keep	bug	a07547a20ad1792ce062c526083d12d5dee6ff7cdbe2381a5a484d3f48fcf562	php-5.3.29-bug73773.patch	
181	847	keep	CVE	8242bf748839bad48ec03649808a90e0d747a9a13518c7aa3362fd330db66a57	php-5.3.29-CVE-2016-10161.patch	
182	848	keep	CVE	b156b58f8fda40b5a6f596ffe959e608f4a8f0ab05ed8bdc325c1b3f5d25421b	php-5.3.29-CVE-2016-7128.patch	
183	849	keep	CVE	76f09eecd1fd30bdd668a9776b6cbcd53e7a49109eec2e9363bcda4ee3c0e8d2	php-5.3.29-CVE-2014-9767.patch	
184	850	keep	CVE	28a30d0316a879bc89b2f1efca4f1fa8936006179303e292076889ecffd7936f	php-5.3.29-CVE-2015-8835.patch	
185	851	keep	CVE	db9a7fc925393373818428c96bc961ec1c9303e526df540b0c162e4b47fbc778	php-5.3.29-CVE-2015-8876.patch	
186	852	keep	CVE	3ffd4124ee45e39b3428a409bca69416cf7de8922b57785c323fd0a05865ea95	php-5.3.29-CVE-2016-4073.patch	
187	853	keep	CVE	2894433ab34dfe20e35f9da18c513e02916502811dbe94d4ea0c9983963ee0a5	php-5.3.29-CVE-2015-8867.patch	
188	854	keep	bug	aadac170ca781077e0f2150546b0abd73b9534e43028a809178b4b37ade8af47	php-5.3.29-bug72535.patch	
189	856	keep	bug	4c25dde2dcfcbcdddf99f00939848449da306da155223ecff33f5d305e7f30ca	php-5.3.29-bug74782.patch	
190	857	keep	bug	37afbc97e8a5bae3d715f0593c624d87436aba456d4baaa35efef5a1ace50f64	php-5.3.29-bug75571.patch	
191	858	keep	bug	57d9cb83ded2fe45c0d49b2d9c2ea42fc2ba8ad10b9b98efa187e34862a59c20	php-5.3.29-bug75605.patch	
192	859	keep	bug	2d6f30f68c62856062bee72d6714a84f733b9aab584f47f1095f52c443a9bd48	php-5.3.29-bug55146.patch	
193	860	keep	bug	dcc10d8098391f8b58301b6d7765b703b2c3feb0bbc121b3bbf4c1e4a44ade63	php-5.3.29-bug60494.patch	
194	861	keep	bug	68eb4617c42b28a61ba0c8cf519ff12630c26bb6e6db05412e7e39fd042e0f65	php-5.3.29-bug63839.patch	
195	862	keep	bug	99b1138755630483609ad0dd35b77fdc956dbd2085143d0bce6107652767abf2	php-5.3.29-bug66828.patch	
196	863	keep	bug	d40f0c6760e2a9068857be454a9c453bf5023877a0fc660257eb9275beeeefd3	php-5.3.29-bug68175.patch	
197	864	keep	bug	de1b859ec6cb36c3db5372652c6f6b3a693bd94315d375bb7bf2582e7e006327	php-5.3.29-bug68180.patch	
198	865	keep	bug	016270f67999d7f6925c3077f4f72ecf7eeabf422311545c0469fbbea53b64c6	php-5.3.29-bug68825.patch	
199	866	keep	bug	7e6970ddd29eb8f27a686dcace091ebdb02fa4f39e9f2012fff0faebe0490f3c	php-5.3.29-bug72443.patch	
200	867	keep	bug	1ac4dcc60c01e73696d509285b14f363f2cf9e217d9780d2c8695d298ae2c927	php-5.3.29-bug73457.patch	
201	868	keep	bug	41e219bd99c7f143ed358d7515a3db96e745c43f939543ac65723aa2624716b1	php-5.3.29-bug74454.patch	
202	869	keep	bug	59352b1305d4b9df487df6cd898a07d774ad5d3a86a5a5557779143072916049	php-5.3.29-bug74764.patch	
203	870	keep	bug	fc3aff1246d73143c462c915a8dbd13e113af60fefce7fa8c313d1cca51d4614	php-5.3.29-bug75273.patch	
204	871	keep	bug	33e2ef2867e72f575a5ff7feaa9c979e896cd42293567a9d05122afb683a2dc3	php-5.3.29-bug75402.patch	
205	872	keep	bug	8ff1173e4fb1fce96510493c16273e8a35c978448c9f86215df5479737f720e5	php-5.3.29-bug75696.patch	
206	873	keep	bug	c9f5070eb2ccbc11cafc831fb9a99e8d8eddd178a30eb0dbd893ee94ba99e096	php-5.3.29-bug76480.patch	
207	874	keep	bug	8ef6f05dfc03310609f8909a532d19a30dab1e293b900fcb6bcc01807d1fa708	php-5.3.29-bug76488.patch	
208	875	keep	bug	c6bda3202facf14a1c005c31f493ba06ed19f6c77815e478b9e81294413d79bb	php-5.3.29-bug76505.patch	
209	876	keep	bug	bb8d2825c3f89ce6bde697cc57776d480a296caefc18c4ab08b0c31186a237f8	php-5.3.29-bug76517.patch	
210	877	keep	bug	dd94c17b65cc8e4d3903a91235d82041d8f9152c47257fdae808f0ea00c93f0f	php-5.3.29-bug76532.patch	
211	878	keep	bug	a8888647cf31abe16bcd27fe16f475f9825a545df27c3460916205e69ebffc14	php-5.3.29-bug76548.patch	
212	879	keep	bug	5c0b233c22936702852e0142eb56771775a68d72135a8bd8119d86a82e0bc3d8	php-5.3.29-bug76665.patch	
213	880	keep	bug	a82a9daf83c2dc2bbbda1f5c2edbe8e82922e19c3c667837f3b8e1b37f220118	php-5.3.29-bug76800.patch	
214	881	keep	bug	939f2657419c6310bfefeb12e9c7ecdb6249b842475a7d25e81ad449c6a1e1d9	php-5.3.29-bug76886.patch	
215	882	skip	build/packaging	acf8117c0f69860f67550d70f0166928e250fb46ca185d00b39f1b396385a60e	php-5.3.29-bug_arginfo_bzcompress.patch	build/packaging glue, not a source security/bug backport
216	883	keep	bug	766cfde172fa1e2a588d50b9bcc3aa21824e09dff9c5711c6ba99b0f11705a05	php-5.3.29-bug77242.patch	
217	884	keep	bug	685075d33aaf0e591421f44dc8736be905177fd023e856ef90af36a880baebe3	php-5.3.29-bug77247.patch	
218	885	keep	bug	fd798870554cb374aee0d381d11df2f03cc2f65871c6d146fc5fc3d3a157829b	php-5.3.29-bug77270.patch	
219	886	keep	bug	5ce7178691cfa02f0bf8fed6753e45900ce9870c0b45b4d6be78284ae114b58a	php-5.3.29-bug77370_77371_77381_77382_77385_77394.patch	
220	887	keep	bug	66c8a081dea9d46a9a6343b796ec12c0de2dc133e3dfe4d44255b10de06f6870	php-5.3.29-bug77380.patch	
221	900	skip	vendor/sapi	6f4bcb675026c062b3c5708c865ea595cf8b70dad1daf405816ab4e67aaae78f	php-5.3.29-wordpress-update-url.patch	CloudLinux/LiteSpeed/EA4 runtime- or SAPI-specific
222	901	keep	bug	e7e9e5507f91c9f6655f7c6b4736945fbb69caa1d34602d4a1cf073811a762b1	php-5.3.29-bug77630.patch	
223	902	keep	bug	72ca88d85b43c6dc23ad422959079685f3648fdac146715ebf86cda3c388f77b	php-5.3.29-bug77494.patch	
224	903	keep	bug	acd91f07753fd2b4774b33d41d5e870a2cf3c7365f69fe7e8c92d1c55a246459	php-5.3.29-bug77431.patch	
225	904	keep	bug	54b3390197061ab1b434b9c0a1b84cd831e3225d25e39659a55cd7b08a4313f7	php-5.3.29-bug51068.patch	
226	905	keep	bug	cc905dfc321a0496d175f6e4f895ab0f24d38de618ba6382ac8605e078de81f3	php-5.3.29-bug77396.patch	
227	906	keep	bug	b89a0f8c3a7581f7911079a13f9575b2cfb9ccfaf9c41490c1229caf141d5462	php-5.3.29-bug77540.patch	
228	907	keep	bug	e516529107e247d2b63728284e3f2ff2268ec333175468f28f3111a504b8f266	php-5.3.29-bug77390.patch	
229	908	keep	bug	06dd013128afc85d069a78e33ee08d3e12acc002d04f9944f934b6d0433d3584	php-5.3.29-bug77586.patch	
230	909	keep	bug	46aece72ad2ddd000fedc4280d4ac9d1f86f39afe6dec5827136e748dbbb44d7	php-5.3.29-bug77546.patch	
231	910	keep	bug	2fd2a27ad79882161d7a124552aabbac788e751319c77c5a012cb4cee288f11c	php-5.3.29-bug77563.patch	
232	911	keep	bug	9902056b858e3ff2e2a1670f5e3b046f5ce852e7acde16d7b9d0d13cd4e28b45	php-5.3.29-bug76557.patch	
233	913	keep	bug	8910d8878a4b5822f36ea0746a76197728ab084bc8bc2b54bf8110931a4f6e99	php-5.3.29-bug77024.patch	
234	914	keep	bug	e7a4464198198f35ca17393ee06f7358fa19aded655969ed8827070067d3df3c	php-5.3.29-bug77945.patch	
235	915	keep	bug	1bfe10b272b7464adfb82d6e3d11a33ebf84713fa3b16c52f610468305f7e9d9	php-5.3.29-bug77677.patch	
236	916	keep	bug	03851aab52988f2788cdee71b3357ffb4d2737833dfd86bd43e5c487c0d6c3f7	php-5.3.29-bug77697.patch	
237	917	keep	bug	832e543087d85185bfcb377cf1d9fdf965a26db10108308534c3aaabd8714375	php-5.3.29-bug77943.patch	
238	918	keep	bug	28fc1eb16346ac04d5ad768fdd98061e38355177b59dbee2851419ff950a81a3	php-5.3.29-bug77944.patch	
239	919	keep	bug	b94c2aca1b550e16e211eb99ec5d330411866504f06a0a5556a46f2d2c5e25e6	php-5.3.29-bug76717.patch	
240	920	keep	bug	7a38f1fecf992b11caeeb79c5e58cb78bbaf43d95e94c6cfa7a5f5f239efaa6a	php-5.3.29-bug77921.patch	
241	921	keep	bug	1f12b13e2a2aa3178c6a9ec365ace9ec0f4567957c3df8c22669366ad0f709da	php-5.3.29-bug77934.patch	
242	922	keep	bug	05bcd020210207ed5aa6fba250b1f6a33974123f4f710ebcfb15c5084debfc31	php-5.3.29-bug77700.patch	
243	923	keep	bug	9b0145544a9cfeeab1726260a240d78837a68d3f92a14725197e2d48491680a9	php-5.3.29-bug77765.patch	
244	924	keep	bug	7e80afc8a6a27d94cc400e861c767b160be4ea30e2c4802661443b6a44cc767d	php-5.3.29-bug77664.patch	
245	925	keep	bug	91fa61e35a4d0bdd7ff0ef1f9496e821e533c0f709389afccbd5980c62ce4478	php-5.3.29-bug50020.patch	
246	926	keep	bug	0802a2c9585c909ebdebfe10b532ac44687a9988ff77f5f394ae3038f3f5ff15	php-5.3.29-bug77742.patch	
247	927	keep	bug	612d0be55e8658998be6c21fc637003b82efcf43b39353922b37938cad07bc86	php-5.3.29-bug78069.patch	
248	928	keep	bug	eb0794bdbf71eab3405e9f28d8f73702c023bfb0aceb4e6c4ad79b2e7d71855d	php-5.3.29-bug77967.patch	
249	929	keep	bug	68a3a0046093043e3a4fb9565cdc1a0a50efd71f2ffa453f350fcca55441d48a	php-5.3.29-bug77973.patch	
250	930	keep	bug	2f9e0fbcabac409b567414b8af5440cb8a885efc93cf146b366dd21b8fb4501e	php-5.3.29-bug77988.patch	
251	931	keep	bug	b2d8289da7d054af414c77ddeb7676622949ff6bfcdf8d320c233a96a6730335	php-5.3.29-bug78192.patch	
252	932	keep	bug	73dbb22b0f69c3b7493e59f82f7f39cba83571a79c1498e6653630fa677c25a4	php-5.3.29-bug78212.patch	
253	933	keep	bug	079e949ffbae52f2ca3b91bec7ee4fcc28f233e8aa8950ceafed8f976f57ed06	php-5.3.29-bug77124.patch	
254	934	keep	bug	71969417dca823dae536fce9dcc6d262a785d7f6cb478e0a36ac2caa7240bc1c	php-5.3.29-bug78256.patch	
255	935	keep	bug	3c1332e8df36b2302b3120b18474b6181d5fe990f890137d286357cc486235ff	php-5.3.29-bug78222.patch	
256	936	keep	bug	92f5c8cee8efc01622e54b1c0cf10496f206a594d92b6210741a38498126f6f1	php-5.3.29-bug77946.patch	
257	937	keep	bug	56a4b9397dccf9c86b6b7ac965f6a86c0cfc747137c1d226ab6c6595606e585f	php-5.3.29-bug78333.patch	
258	938	keep	bug	ee8db4f8984ab51dd1a932d4c2ff8ea49be9d30db0fdefdf06143e7df0582ad7	php-5.3.29-bug69100.patch	
259	940	keep	CVE	07ba31090d3c48167e6454567d209dd3b1e6b0b0469b33675dc7e78642200891	php-5.2.17-CVE-2019-13224.patch	
260	942	keep	bug	ae58f4ab250eab6d98c8d556722f9e08e6df055212152e5bdb18734d42435507	php-5.3.29-bug76342.patch	
261	943	keep	bug	6af6fc18da95c0091ab1e634dc77ff6b0d45c72e25ac56bb1fae19a5783d99fc	php-5.3.29-bug76859.patch	
262	944	keep	bug	820454e7b4d9b7ad6fe872ba08d1b15b3fa0c11f92a654975849d29f71e1a928	php-5.3.29-bug78599.patch	
263	945	keep	bug	d2ad8bb4f80194145e569d5679539abd77afce98d8f6044d69ff09f765d2e58a	php-5.3.29-bug78579.patch	
264	946	keep	bug	ccfc5fc20f840a4505e51dd6251391360d64666905dc6ffa26c06956c55f251b	bug78910.patch	
265	947	keep	bug	f35e33002496d776efda6eacae728f04a52faab6a51bf45a675d2d51e8187c95	bug78878.patch	
266	948	keep	bug	8d882ed03b0fe9aaa4a087409f5b26ad8af7fed0e8b913085c13c1a1c6dbc0dd	bug78793.patch	
267	949	keep	bug	c7e5d7dc9cca3e45a43ce1a6c7f4b521f427f2dbee66f05d38bf918860b0a95d	bug78863.patch	
268	950	keep	bug	d86444ab4fcc2c498c7f3f4db77439ea6a71da12d6bd6e96c43cbf962d7533f6	php-5.3.29-bug79082.patch	
269	951	keep	bug	da74c7c7249fb716c4de5b317e4b6d9c3071a7842786cbc6f8d06eae7aaaf2c6	php-5.3.29-bug79099.patch	
270	952	keep	bug	369cfdb6d1dc322e7f7ea51a5be116bcdf71e6e0ad648165c6b17bca87d675e9	php-5.3.29-bug79078.patch	
271	953	keep	bug	dfb8ecaf6dfe538c35616413d672664733fa187b6122e74a7be7ccead25b3dab	php-5.3.29-bug79282.patch	
272	954	keep	bug	bb91e059f1482100cee12c8ee3f04554341980103db5abe7997b525da44b8a48	php-5.3.29-bug79329.patch	
273	955	keep	bug	2647550be0d71929e7de6c5ff784daa5f1d69e4ed77d442efb3d4752de7517cc	php-5.3.29-bug61597.patch	
274	956	keep	bug	667cc43f07a7b8c1d672136f5bd54ec75f5a5f6f4df86f1736d26dff411c03e4	php-5.3.29-bug74940.patch	
275	958	keep	bug	c39070ef60f4732256fb52b759d5205b6835aaa7f5daa50fb9d6de5f1d7b16b3	php-5.3.29-bug79296.patch	
276	959	keep	bug	b65ad768a160d9eaac023c5b51e3e5a126a325b7d904ec63eb8db99670dcbbc9	php-5.3.29-bug79330.patch	
277	960	keep	bug	95d301637b3b329361d170364155ef36355bee3abc10a5e73fa9642444b963e6	php-5.3.29-bug79364.patch	
278	961	keep	bug	c677f60baf0ffd8f6960ecda9c8fea4dd4c415cac27712662cb68d1d070fff98	php-5.3.29-bug79396.patch	
279	962	keep	bug	aa760b1d546041f2f1e6c6c1ca0840f52a346436b282a433bee98a576726c59c	php-5.3.29-bug79410.patch	
280	963	keep	bug	af114607b6b93e0bc94a99337e4d0465e2c13cc1c5ea98219295029b49d2ab2e	php-5.3.29-bug79424.patch	
281	964	keep	CVE	40fe1b4b91719489c52e99108fe19973cfecbe8d312c74e98ca104e15543cde1	php-5.3.29-bug79465-CVE-2020-7067.patch	
282	965	keep	bug	110bb171528afad3cdf19dfaee54ac942ef6ffdb2fc5483043e5b9338e999d09	php-5.3.29-bug78221.patch	
283	966	keep	CVE	aba8917aca7eac12651dd08c4acecc6f8ae9cf182bf6f7c6d47e36f11678374e	php-5.3.29-bug78875-CVE-2019-11048.patch	
284	967	keep	CVE	347760704af9afd9330417e88f34352db3d2a1aa81dc64aa3713ea059dfb3df5	php-5.3.29-bug78876-CVE-2019-11048.patch	
285	968	keep	bug	d6db85285338aadc82a230637a1d4637ad411f7a2f420dc017ca4bfcce309623	php-5.3.29-bug79514.patch	
286	969	keep	bug	06cb345471404df7c29946b4317214e41e1e2c10536f3cee08b54090b897b5b6	php-5.3.29-bug79528.patch	
287	970	keep	bug	298467434eb59575e3c0c7aa1103be5906f87531bc31a7ef7e5fbf0a42343c06	php-5.3.29-bug62890.patch	
288	971	keep	bug	aa6e940b597ba668340ff4344049607990711b14292cc298a838637eeaf68400	php-5.3.29-bug70362.patch	
289	972	keep	bug	c8f0dd54c2cd4d560097d316eca6f4fd2c7c1e506b42a2c5b92d62f336c949ec	php-5.3.29-bug73527.patch	
290	973	keep	bug	2a032245c8c73f213cca6caf53044237fbc777983f1271d22cb949642da10a05	php-5.3.29-bug74267.patch	
291	974	keep	bug	6ab556682ce45fb4fb51610965e718a246858726f5a3d83267fddf993ea61d9a	php-5.3.29-bug79787.patch	
292	975	keep	bug	e25c59f1d7a228a4572594ca38285e47baaf037cf584c17c5cb4c43dd67847fe	php-5.3.29-bug79877.patch	
293	976	keep	CVE	d5e92c4e96dd21ea361f4a2692cd0133bdde3d4dacffc4f3dac706c4e6b44a4f	php-5.3.29-bug79699-CVE-2020-7070.patch	
294	977	keep	bug	75b73ac7a20e95569adfc9e52c69a78ba26130bcd04cb0da37ac2e491b8cbc3d	php-5.3.29-bug80007.patch	
295	978	keep	hardened	68441f48811b9166acf0a9bcbfb95c6996be429f711f380b1648e63312fc68e4	hardened-bug75850.patch	
296	979	keep	hardened	6bab60fd006056ee52c3a0ae7fd8bb10ae049df3d36c29e3f80baa8349cf147d	hardened-bug73533.patch	
297	980	keep	hardened	b974b00edb1a208fd8324130ba145fa4b4a55d30b89f6f5642cdf66961a6399f	hardened-bug66783.patch	
298	981	keep	hardened	d8ff4af379c5be754eb040ee4a61b2d0b18227d160361abc0c91abba13eee934	hardened-bug76448.patch	
299	982	keep	hardened	5f33a9f051383b90eb88a66f1668f8174fd2ff589a250264c85cfa86416fc931	hardened-81211.patch	
300	983	keep	CVE	9285293348e284813a307714352ba90c3f471f0f78ee1f30c352584ad5295f9a	alt-php52-cve-2021-21707.patch	
301	984	keep	CVE	c1bf664190fda1b78de763ba9018b3fbfcd3faa9664f5ad8119bb6ef6d0245e5	php-5.3.3-cve-2021-21703.patch	
302	985	keep	CVE	b0ee32c132d086eef8e37d950324cf5a4242c0f2ca0683ced2de1c2341f45fed	php-5.3-CVE-2022-31625.patch	
303	986	keep	CVE	222459089738b6cb0683c1c85041ed9a561e9c8d30848b49d3d266459ccde0a4	php-7.0-CVE-2021-21705.patch	
304	987	keep	CVE	5f54ac5334cd54480ac9d454052e445b1511e40e9c551defdb54d5fe8efd7cf8	php-7-CVE-2022-31628.patch	
305	988	keep	CVE	4bba594fa9ad222ae8df2a1ade7bf826569b8d2c1ef44c1477f2038ac48ffd6f	php-5.3-CVE-2022-31629.patch	
306	989	keep	CVE	cd0cedb0b9033627674acad6c8f105fb6fa1bfd88d2ad2fec2f78c26282deaa6	php-upstream-CVE-2022-31631.patch	
307	990	keep	CVE	cba206ddb91d8e9e23fc1642aee77c03d0298495d19a7fa60ec5652a07576024	upstream-CVE-2023-0568.patch	
308	991	keep	CVE	804bf8d6be0c1b7e3b58bc3221035618521cb93afe1b72fb7bab30790a8b6d2d	php-5.3-CVE-2023-0567.patch	
309	992	keep	CVE	bbdebade1c460cae6b65a29716c561fbb1c6b4ec338de14b58d73aab0c499730	alt-php53-CVE-2023-0662.patch	
310	993	keep	bug	ac800380090f0babde124e0b3856ac15a0eec3a3a4ec19907336629bf8a5fffd	php-7.1.4-bug74461.patch	
311	994	keep	CVE	dcc63dc0e38a8044d67061d56d065a1a67f5e6f7a91934ef0907df6722b44779	php-5.3-CVE-2023-3823.patch	
312	995	keep	CVE	58574932e625f40c0d14b989c16e0f0135981ebff71a3338cce5dcb891bdb347	php-5.4-CVE-2023-3824.patch	
313	996	keep	CVE	77379fdcc315f431a5c540eee849e1d5252cc5b5dcb712cbe5b9c29ba0e58e80	php-5.2-CVE-2023-3247.patch	
314	997	keep	bug	d84869ffc228b4a412235173a90a6564f3b0a0815f888222d03c7c54440155d2	php-5.3.29-bug79296-2.patch	
315	998	keep	CVE	627af092cab58e3806518f2166c911ea0b081931b5ecf241b6d217be40417ce0	php-5.2-CVE-2024-2756.patch	
316	999	keep	CVE	42c720fb1fc271594ea33a453d961170b6f7c72f5bbed08948ebd8f5bbdd5738	php-5.3.29-CVE-2017-11144.patch	
317	10	skip	build/packaging	873c91dbd1b44a74d3dcdfee81634640f582c5bad999e9878690775fcdb0f199	php-5.3.29-openssl11.patch	build/packaging glue, not a source security/bug backport
318	1000	keep	CVE	8f2b5ec1228824efbe19433e1b4180ffd87fbfe869347c3bd1f14f0ff99eaf4e	php-5.4-CVE-2024-8925.patch	
319	1001	keep	CVE	699324f2f8d70b81a933be46f26f8a9582adf5ace75a4c33d0872103c4af8da4	php-8.1-CVE-2024-8927.patch	
320	1002	keep	CVE	53dc972b15e3adbbd48114f454253e028238a22d1687b6afbcfa2a6aa7fc3f5c	php-5.3-CVE-2024-11233.patch	
321	1003	keep	CVE	afd1c989464e2fec591fcee4ec2e5dba402423a68d9abc508e9cd4767814563b	php-5.4-CVE-2024-11234.patch	
322	1004	keep	CVE	2ab2c575e62914a9a8c9d037abb482fb769b7698f3287eac21d7f750f00d1461	php-5.3-CVE-2024-11236.patch	
323	1005	keep	CVE	f6ec6416d31a6238a20012e521021a0c5b1aa7532ff35462f15a7ad637d637eb	php-5.3-CVE-2024-8929.patch	
324	1006	keep	CVE	407997c83b4c8461457a6e28df70092ef5aab224f8eea66f861415229a76236f	php-5.6-bug79797-CVE-2020-7068.patch	
325	1007	keep	CVE	2bb436e223549e1b5249fa77b5fc38c830e2624238113dd2ae3fa2a582924418	php-5.4-CVE-2020-7071.patch	
326	1008	keep	CVE	42f635db42f3553b1651b0fc5aef70fb077efea352e5fbff8a1812910b00135b	php-5.5-CVE-2018-14883.patch	
327	1009	keep	CVE	7dea5257ddf444798eb44f0d18433fcf1f8911b26b10a9242e2307b7d7a2843e	php-5.5-CVE-2018-20783.patch	
328	1010	keep	CVE	478fc1ebb20c6a7226aa7775a9d65c873a18263f4f4512ec38c7fa5c149d181b	php-5.5-CVE-2018-19935.patch	
329	1011	keep	CVE	851a01a154e02c482f00f3e35330ec505ffecb953daa4f43fa44a83fc0891f74	php-5.6-CVE-2018-17082.patch	
330	1012	keep	CVE	d3046a9f44aa0b38a51a6b73553ecd1211aef4d745f6b8f362c7c8c28b692d11	php-5.2-CVE-2018-19518.patch	
331	1013	keep	CVE	26c7aca1a64b3bc36ae5bc89a5fddda69f72da639ebb2783d34d6ef0a023e7e8	php-5.3-CVE-2025-1217-CVE-2025-1734-CVE-2025-1861.patch	
332	1014	keep	CVE	827f30274ecd5042f4f1ada2067b90ff7baa28b65171d6f1b3ddab1e203d317b	php56-CVE-2019-9022.patch	
333	1015	keep	CVE	8096305ebab29828d30f3e0328984344616ef83d9e43ea845265556ec697008b	CVE-2019-11034.patch	
334	1016	keep	CVE	54bb6435720b0facba4e31ad911f17f2f0c37a550e735b9ea33dd43cce83cc34	CVE-2019-11036.patch	
335	1017	keep	CVE	cad20bdd673412f1b7619e7bfba95d5a402450c953b746316a2a94400c15ff70	php53-CVE-2019-9025.patch	
336	1018	keep	CVE	ddeb7a477ac0fc133bb66218c717fc46e44f4313431387e63e562dc80f5589bd	CVE-2019-9023.patch	
337	1019	keep	CVE	c50c2e6d9480559ef1923ccc6f8e90b2aea5940e3c39bb104ac9830aeb298c6d	php-5.3-CVE-2025-6491.patch	
338	1020	keep	CVE	d592faeb5a4aaf19bd58eea91c6f6608c1d7d0a4eba63330312159664f6b3a76	php54-CVE-2025-1220.patch	
339	1022	keep	CVE	cd12ea4b56f9ab15262de350e0955b81cbf16180b51057dd66834f647339757a	php-5.3.29-CVE-2016-7478.patch	
340	1024	keep	CVE	39e3029aefece56fe1dc8b9c7a3cf6feeb7501052bca0e19caed5187c2091838	php-5.4-CVE-2019-19246.patch	
341	1025	keep	CVE	4d71b40b4d876f780cf6ac1d2734e78ae010b9895435848f800d9855c2d32b09	php53-CVE-2019-11035.patch	
342	1026	keep	CVE	3e4bd0fb4da4ec5f1dbcfde696c5ecc53e4fcd765fa801554a7000e6adda2726	php55-CVE-2021-21704.patch	
343	1027	keep	CVE	17a32d209c11be98d65421c2a667cc3dc02ed83dfc03f426411c11b77e820180	php-5.3.29-CVE-2017-11143.patch	
344	1035	keep	bug	8befd9c89252305b12d163197d5799f11085595ae003f49c1ced3ac68610a4c6	php-5.3.29-bug70436.patch	
345	1028	keep	CVE	2cb43e3450ae0e37a2a5cff3e0eef0fad50f3d14345b499b44beb9e71842feb0	php-5.3.29-CVE-2017-11145-CVE-2017-11146.patch	
346	855	keep	bug	6b3315e858c9ff457f81eb281be5d49994d64fdbfa18b9c4393a552ed915773e	php-5.3.29-bug75055.patch	
347	1029	keep	CVE	c8d62c46a74bbcba0cd81c9f8ef343bd79c242899b4dae097c8ba1f094d42a53	php-5.3.29-CVE-2017-7890.patch	
348	1030	keep	CVE	12ee0d8c9bfc264e28719b379505123ad65d3b34be32aec908ad8cd3563505eb	php-5.3.29-CVE-2017-9224.patch	
349	1031	keep	CVE	ad2ba20933b8e635f028f96d1eb97be7c08087ca8ca70aa28817e5680c6ce67b	php-5.3.29-CVE-2017-9226.patch	
350	1032	keep	CVE	0c324e5579118acf6be3b5b3017045d3b40a7569c14cbee721f6ed66a1063b76	php-5.3.29-CVE-2017-9227.patch	
351	1033	keep	CVE	058b4e1b15e53afad5287d7449c42ede6355fb60ecc3ef2debb06a27f14ad87a	php-5.3.29-CVE-2017-9228.patch	
352	1034	keep	CVE	08f06c9cab0fb1780e7cebdf7a7068bfbd4c3dad3e644d095afd76eaaa4c6831	php-5.3.29-CVE-2017-9229.patch	
353	1100	keep	CVE	999cb920184125a32bd42f5446828676c1b147b272ef6f7343611262af5ad1b1	php-5.3-CVE-2026-6722.patch	
354	1101	keep	CVE	6629cd7653f26bed26a987d03e61d9e2b4e4b4c62d4f3cf614e6ed9ff3507ed3	php-5.3-CVE-2026-7262.patch	
355	1102	keep	CVE	ad58720dd45211476216b504885c73c3447bda2c95ab14d545f866fb193f3316	php-5.3-CVE-2026-7261.patch	
356	1103	keep	CVE	4bc4049778b52db1ba63149e3555f59b9c5f052507a4b6a3b4485dd6d93fb51d	php-5.3-CVE-2026-6735.patch	
357	1104	keep	CVE	5982c363175dc7fb95e6a358ad6faba1cbe0b0cd83292bfc41d70398ec7c1c2d	php-5.3.29-CVE-2015-4604.patch	
358	1105	keep	CVE	fc24eaedfd353d24ce8d9c83c60e1c9ade27e3d7686be80ab781973a097ff7c4	php-5.3-CVE-2016-5385.patch	
359	1106	keep	CVE	02c8232def2f22de361c287b5ea05894e53792a5b40f4f95da2d775b9f650437	php-5.3-CVE-2014-1943.patch	
360	1107	keep	CVE	299ede52b93ee19d2e053ee13bbd78c89537252693e610920fcb0c81665f1c9b	php-5.3-CVE-2013-7345-CVE-2014-3538.patch	
361	1108	keep	CVE	7a0d6ea094da5ba233858c7aadbe038adde411ee3d10b407d706aff109a01c82	php-5.3-CVE-2026-14355.patch	
